trans_x	trans_y	trans_z	rot_x	rot_y	rot_z	dvars_std	dvars_nstd	dvars_vstd	framewise_displacement	aqi	aor
0.0	-0.0	0.0	-0.0	0.0	-0.0	n/a	n/a	n/a	n/a	0.0377007	0.02067
-0.0011	-0.0117	0.0048	0.00021467549799530252	9.773843811168246e-05	0.0001291543646475804	1.3256458	57.49652481	1.13274161	0.039678415037728273	0.0363324	0.01081
-0.0019	-0.0012	0.0288	0.00028274333882308137	-0.0001064650843716541	1.7453292519943294e-06	1.32193553	57.33559799	1.03098648	0.05528401993533507	0.0345727	0.00979
-0.0068	-0.0055	0.011	-6.283185307179586e-05	-0.0002617993877991494	-0.00019547687622336493	1.1961205	51.87869263	1.00246122	0.061906585039886594	0.0330675	0.00843
-0.0035	0.0031	0.0133	6.45771823237902e-05	-0.00030368728984701333	-0.00021467549799530252	1.18839812	51.54375458	0.99564418	0.02362477796076938	0.0326869	0.00682
-0.0007	-0.0015	0.0241	-8.726646259971648e-05	-0.0006387905062299246	-0.00035430183815484887	1.22780538	53.25294113	1.00828673	0.04952866007329822	0.0303251	0.00496
0.0007	-0.0036	0.0046	-0.00016406094968746698	-0.0006213372137099814	-0.000486946861306418	1.20281768	52.16916656	0.99619228	0.034344640137963144	0.0309398	0.0046
-0.0042	-0.0098	0.0576	-0.0003106686068549907	-0.0006283185307179585	-0.0003647738136668148	1.21559191	52.7232132	1.00783755	0.07788810109075518	0.0282359	0.00241
-0.0043	-0.0132	0.0382	-0.0007225663103256524	-0.0005864306286700947	-0.000460766922526503	1.22795725	53.25953293	1.00418464	0.05038893571891069	0.0279927	0.00211
-0.0108	-0.0088	0.0906	-0.0008761552845011534	-0.0005550147021341969	-0.00034906585039886593	1.19895315	52.00155258	0.99655986	0.07813529864195179	0.0270857	0.00154
-0.0102	-0.0204	0.075	-0.0009651670763528643	-0.000619591884457987	-0.00046425758103049166	1.19097912	51.65570068	0.98750673	0.04123903524035634	0.0263468	0.0012
-0.0098	-0.0186	0.1127	-0.0009826203688728075	-0.0005881759579220891	-0.0003473205211468716	1.22177184	52.9912529	0.99727463	0.048190313946973054	0.0254527	0.00085
-0.0076	-0.0338	0.1006	-0.0013910274138394805	-0.0006544984694978735	-0.00037524578917878077	1.23860276	53.72125244	0.99484337	0.05463274122871833	0.0244912	0.00068
-0.0135	-0.0257	0.1198	-0.0014800392056911916	-0.0005707226654021458	-0.00041189770347066176	1.22102761	52.95897675	0.99923836	0.043671975511966	0.0247284	0.0006
-0.0192	-0.0285	0.1189	-0.0017016960206944712	-0.000640535835481919	-0.00048345620280242926	1.18297923	51.30872345	0.98214809	0.02755142422074102	0.023795	0.00053
-0.013	-0.0406	0.0849	-0.0015917402778188286	-0.000640535835481919	-0.0004974188368183839	1.20610809	52.3118782	0.98940266	0.05849591884457986	0.0249839	0.0007
-0.0113	-0.0249	0.1137	-0.0016807520696705393	-0.0006161012259539982	-0.00042236967898262774	1.26611185	54.91439056	0.99780833	0.055624777960769374	0.0244515	0.0005
-0.0065	-0.0381	0.0928	-0.0016877333866785165	-0.0006073745796940267	-0.0005009094953223725	1.20327508	52.18900299	0.98397677	0.043612388980384685	0.0248634	0.00053
-0.0108	-0.0295	0.1225	-0.0017837264955382047	-0.0004974188368183839	-0.0003944444109507184	1.22513127	53.13696289	0.98800796	0.05822069680534926	0.023402	0.00039
-0.0103	-0.041	0.0869	-0.0018483036778619948	-0.000619591884457987	-0.000460766922526503	1.18036175	51.19519806	0.98205925	0.06025363707695888	0.0247188	0.00062
-0.0124	-0.0243	0.0939	-0.0018343410438460403	-0.0004363323129985824	-0.000317649923862968	1.18069685	51.20972824	0.99020995	0.0428169602069447	0.0253535	0.00065
-0.0137	-0.0234	0.1004	-0.002190388211252884	-0.0005340707511102648	-0.0004572762640225143	1.26873147	55.02800751	1.00035099	0.038370597283903615	0.0244482	0.00045
-0.0164	-0.0231	0.095	-0.0019460421159736775	-0.00042760566673861073	-0.0004310963252425994	1.21202826	52.56865311	0.99361945	0.027249555921538767	0.02502	0.0005
-0.0249	-0.028	0.1013	-0.0019198621771937623	-0.0005061454830783556	-0.0004974188368183839	1.19538915	51.8469696	0.9853321	0.028252113334772223	0.0243984	0.00045
-0.0246	-0.0314	0.0906	-0.0019041542139258136	-0.0006056292504420323	-0.000466002910282486	1.19153726	51.67990494	0.9803405	0.021730382858376165	0.0250967	0.0006
-0.0227	-0.0287	0.1049	-0.002078687139125246	-0.0007417649320975902	-0.0005096361415823442	1.2691474	55.04604721	0.98610638	0.036615091907742425	0.0236331	0.00041
-0.0186	-0.043	0.1122	-0.0022113321622768156	-0.0007941248096574199	-0.0005951572749300663	1.19664848	51.90159225	0.97515918	0.03922630170295605	0.0232599	0.00027
-0.0219	-0.0294	0.1199	-0.0022078415037728267	-0.0007871434926494425	-0.000619591884457987	1.20752609	52.37337875	0.97857935	0.02634532925199436	0.0225347	0.00033
-0.022	-0.0437	0.1209	-0.0022654373690886398	-0.0007993607974134029	-0.0005881759579220891	1.20695114	52.34844589	0.99269019	0.020461454830783557	0.0227992	0.00032
-0.0205	-0.0352	0.122	-0.0026145032194875057	-0.0007888888219014368	-0.0006126105674500097	1.23290586	53.47416306	1.00216609	0.03029862177193763	0.0224193	0.00035
-0.0181	-0.0349	0.1617	-0.00294262511886244	-0.0007470009198535729	-0.0004572762640225143	1.18411362	51.35792542	0.98419961	0.0686672052425147	0.0217919	0.00035
-0.0213	-0.042	0.1306	-0.003035127569218139	-0.0008290313946973065	-0.0006963863715457374	1.09341764	47.42421722	0.96003555	0.062082151636132815	0.0227457	0.00042
-0.022	-0.0147	0.1443	-0.0035377823937925057	-0.001022762941668677	-0.0007400196028455958	1.07933176	46.8132782	0.97747598	0.0787009801422798	0.023196	0.00058
-0.0202	-0.0179	0.1109	-0.003932226804743224	-0.0009896016858807848	-0.0009826203688728075	1.19971144	52.03443909	1.02909828	0.07191032163829113	0.0226896	0.00048
-0.0201	-0.0222	0.136	-0.0037978364523396607	-0.0009983283321407565	-0.0008691739674931761	1.22618675	53.18273926	0.99788192	0.04232817000215833	0.0218005	0.00041
-0.0231	-0.0271	0.1572	-0.003935717463247213	-0.0009878563566287904	-0.0008080874436733745	1.20337033	52.19313431	0.98422985	0.03957197551196601	0.0215591	0.00034
-0.0227	-0.041	0.1502	-0.0040282199136029125	-0.0009564404300928925	-0.0008779006137531476	1.16566789	50.55788803	0.97120439	0.03098657734856852	0.0215389	0.00026
-0.0243	-0.028	0.1751	-0.0039235001584832525	-0.0008639379797371932	-0.0007976154681614085	1.15488386	50.09016037	0.9778798	0.05337536755335493	0.0207414	0.00024
-0.0252	-0.0397	0.1524	-0.004089306437422714	-0.0008429940287132613	-0.0008726646259971648	1.17332947	50.89019012	0.98313275	0.0483899693899575	0.0209885	0.00027
-0.0167	-0.0329	0.1429	-0.00398284135305106	-0.0008203047484373349	-0.0008080874436733745	1.21461868	52.68100357	0.99543388	0.03448657734856858	0.0216424	0.00034
-0.016	-0.0306	0.1896	-0.004190535534038385	-0.0008464846872172499	-0.0008133234314293575	1.25555408	54.4564743	1.00163806	0.06165550537616117	0.0201152	0.00026
-0.0101	-0.0359	0.1694	-0.004309217923174	-0.0007120943348136865	-0.0009075712110370514	1.18177521	51.25650024	0.98562671	0.04876602605734359	0.0206975	0.00024
-0.0168	-0.0204	0.2051	-0.0042603487041181585	-0.0006021385919380437	-0.0007993607974134029	1.16935313	50.71772385	0.98187623	0.07125176877775663	0.0196788	0.0002
-0.0126	-0.0461	0.1791	-0.004185299546282402	-0.000593411945678072	-0.0008011061266653974	1.20157659	52.11533737	0.98139509	0.06017605666738611	0.0198399	0.00022
-0.0197	-0.0303	0.2084	-0.004230678106834255	-0.0004433136300065597	-0.0006946410422937432	1.24208939	53.87247849	0.99342482	0.06729709802975095	0.0202557	0.00014
-0.0191	-0.0491	0.1984	-0.004291764630654057	-0.00046949356878647465	-0.0008220500776893293	1.20108306	52.09392929	0.98024344	0.04013377489976516	0.0200102	0.00013
-0.0176	-0.0331	0.2113	-0.004276056667386107	-0.0002548180707911721	-0.0006754424205218055	1.2085247	52.41669083	0.97932757	0.04924955592153881	0.0199787	0.00018
-0.0125	-0.053	0.1847	-0.004256858045614169	-0.0003211405823669566	-0.0007347836150896127	1.19003665	51.61481857	0.99160406	0.05884311639577645	0.0200018	0.0002
-0.0081	-0.0453	0.2128	-0.00434586983746588	-0.00016406094968746698	-0.0005811946409141118	1.15232623	49.97922516	0.98951249	0.06018401993533506	0.0198945	0.00026
-0.0108	-0.0592	0.207	-0.004783947479716458	-0.0003316125578789226	-0.0008290313946973065	1.13935053	49.41643906	0.9764311	0.0650733002112614	0.0195894	0.00018
-0.0106	-0.0461	0.2135	-0.0049864056729478	-0.00030368728984701333	-0.0007958701389094143	1.09023786	47.28630066	0.97004737	0.03297723585255719	0.0196291	0.00021
-0.0056	-0.0513	0.2397	-0.005028293574995664	-0.00015533430342749534	-0.0007016223593017205	1.17471206	50.95015717	0.99283985	0.05062443340375376	0.0189117	0.00019
-0.0007	-0.0488	0.2281	-0.005276130328778859	-0.00030194196059501896	-0.0008360127117052838	1.20588076	52.30202103	1.01459197	0.045441738167714095	0.0187604	0.00015
0.0096	-0.0392	0.2449	-0.005235987755982988	5.585053606381854e-05	-0.000609119908946021	1.20218766	52.14183807	0.9921328	0.06794139361069855	0.0191607	0.00027
0.012	-0.0599	0.2208	-0.00518013721991917	0.0002705260340591211	-0.000577703982410123	1.15463841	50.07951355	0.98057313	0.062297098029750926	0.0195758	0.00021
0.0064	-0.0504	0.2546	-0.005133013330115323	0.0003351032163829112	-0.0005044001538263612	1.19303167	51.74472427	0.98532431	0.05815024503556997	0.018672	0.00019
0.0066	-0.0688	0.2372	-0.005169665244407204	0.000153588974175501	-0.0005131268000863328	1.19419122	51.79501724	0.98486784	0.04734464013796316	0.019009	0.00019
0.0062	-0.0485	0.2674	-0.005146975964131278	0.00030194196059501896	-0.0004625122517784973	1.18976092	51.6028595	0.98115592	0.061982840750164	0.01945	0.00026
0.0047	-0.0677	0.2483	-0.005426228644450371	8.726646259971648e-05	-0.0005759586531581287	1.20674706	52.33959198	0.98760326	0.07016872898470135	0.0192729	0.00014
0.0059	-0.0537	0.255	-0.0052499503899989435	0.00014486232791552936	-0.0005585053606381855	1.20861173	52.42046738	0.97872426	0.03446637061435917	0.0189227	0.00017
0.0037	-0.0639	0.2441	-0.005335471523346666	0.00011344640137963142	-0.0006736970912698113	1.12434912	48.76578903	0.96967282	0.034906439525762306	0.018891	0.00017
0.0053	-0.0556	0.2562	-0.005220279792715039	6.283185307179586e-05	-0.000619591884457987	1.15785992	50.21923447	0.98597111	0.03299557428756432	0.018139	0.00014
0.006	-0.0583	0.2146	-0.005368632779134557	1.7453292519943294e-06	-0.0007452555906015787	1.10683918	48.00634384	0.96351884	0.061755160819145546	0.0192596	0.00015
0.0117	-0.0603	0.2595	-0.005391322059410484	5.585053606381854e-05	-0.0006021385919380437	1.08909833	47.23687744	0.96309457	0.0635955742875643	0.018645	0.00026
0.0136	-0.0653	0.2147	-0.005375614096142535	0.00010471975511965978	-0.0006702064327658224	1.08244872	46.94846725	0.95418407	0.058332251157578445	0.0190976	0.00023
0.0075	-0.0586	0.2829	-0.005501277802286126	0.00014137166941154068	-0.0005305800926062762	1.07435155	46.59727097	0.97408342	0.0960970980297509	0.0179895	0.00019
0.0157	-0.0643	0.227	-0.005473352534254217	6.806784082777885e-05	-0.0006161012259539982	1.15736377	50.19771957	0.99670662	0.07913751149816961	0.0188809	0.00025
0.0135	-0.0572	0.2548	-0.005457644570986268	0.00014486232791552936	-0.0005078908123303499	1.18289924	51.30525589	0.98654366	0.04713564319896742	0.0188683	0.0002
0.0125	-0.0558	0.2238	-0.005537929716578008	2.268928027592628e-05	-0.0007120943348136865	1.1992842	52.01590729	1.00424931	0.05373308578573402	0.0193397	0.00032
0.0113	-0.0514	0.2829	-0.005340707511102648	9.075712110370512e-05	-0.0005864306286700947	1.19484305	51.82328796	1.00588052	0.08424768762233653	0.0183727	0.00024
0.0155	-0.0641	0.2209	-0.005159193268895238	-1.7453292519943296e-05	-0.0008185594191853405	1.19927847	52.01566315	1.01256503	0.10499267231731518	0.0185996	0.00025
0.0169	-0.0505	0.2667	-0.005159193268895238	-5.235987755982988e-06	-0.0006824237375297829	1.21640706	52.75857162	1.01643773	0.06821764932097588	0.0184767	0.00024
0.0196	-0.0593	0.2124	-0.0052447144022429604	-0.00028797932657906436	-0.0008726646259971648	1.26144481	54.71196747	1.02327164	0.09372526803190925	0.019685	0.00025
0.0141	-0.047	0.2441	-0.005216789134211051	3.4906585039886588e-06	-0.0007417649320975902	1.24653411	54.06525421	1.01260569	0.07201474735072688	0.019417	0.00025
0.0081	-0.0516	0.2443	-0.005318018230826722	-9.250245035569947e-05	-0.0007766715171374765	1.19522274	51.8397522	0.99812585	0.02240643952576228	0.0188228	0.0003
0.0086	-0.0561	0.252	-0.0052010811709431014	-5.4105206811824215e-05	-0.000726056968829641	1.20980191	52.47208786	1.00488317	0.022997442586766594	0.0183452	0.00021
0.0047	-0.0517	0.235	-0.005133013330115323	-0.00014137166941154068	-0.0007696902001294993	1.16345763	50.46202087	0.99745013	0.03524837673636769	0.0183392	0.00017
0.0092	-0.0556	0.235	-0.005017821599483697	-0.0002548180707911721	-0.0007766715171374765	1.15284753	50.00183868	0.98301324	0.020180972450961728	0.0182728	0.00016
0.0047	-0.0578	0.2758	-0.0052778756580308525	-0.0002705260340591211	-0.0007016223593017205	1.27789891	55.42562103	1.01447377	0.06504055898254305	0.0183059	0.00022
0.0078	-0.0672	0.2381	-0.005094616086571448	-0.00024609142453120044	-0.000783652834145454	1.22245586	53.02092361	1.00017828	0.06468623279155293	0.0186779	0.00024
0.0079	-0.0583	0.2769	-0.005204571829447091	-0.0001658062789394613	-0.0007155849933176752	1.18053257	51.2026062	0.98348441	0.060715436464758014	0.0179102	0.00032
0.0068	-0.07	0.2379	-0.005220279792715039	-0.00020943951023931956	-0.0008168140899333463	1.15364957	50.03662109	0.9871528	0.059828514559173866	0.0185918	0.00032
0.0064	-0.0427	0.2745	-0.0052778756580308525	8.552113334772214e-05	-0.0005742133239061344	1.16428959	50.49810791	0.98251152	0.09405786374650336	0.018473	0.00032
0.0093	-0.0795	0.2769	-0.004949753758655919	-0.00010297442586766544	-0.0005567600313861911	1.2324357	53.45376968	1.0020795	0.06880353755551319	0.0176524	0.00028
0.0061	-0.082	0.281	-0.004920083161372014	-0.00014137166941154068	-0.0006492624817418905	1.18751967	51.50565338	0.97585503	0.017828514559174002	0.0181623	0.00037
-0.0002	-0.0638	0.2667	-0.005009094953223725	-0.00021467549799530252	-0.0007347836150896127	1.18592799	51.4366188	0.98369752	0.05119183768915978	0.0186201	0.00043
0.0014	-0.0619	0.2662	-0.0051452306348792835	-0.0003682644721708035	-0.0007470009198535729	1.21285808	52.60464478	0.98646026	0.01909709802975097	0.0183898	0.00036
-0.0006	-0.0615	0.2773	-0.005019566928735692	-0.0004206243497306334	-0.0007487462491055673	1.1970036	51.91699219	0.98502865	0.022488445647770777	0.0179389	0.00037
-0.002	-0.0572	0.2888	-0.005242969072990966	-0.0004433136300065597	-0.0007906341511534313	1.10055435	47.7337532	0.95442474	0.0315989663289532	0.0185031	0.00042
-0.0057	-0.0628	0.2855	-0.005281366316534841	-0.000296705972839036	-0.0006789330790257941	1.0844512	47.03532028	0.95097699	0.02743529864195181	0.0186291	0.00041
-0.0089	-0.0533	0.2919	-0.0053058009260627615	-0.0002513274122871834	-0.0006859143960337716	1.11065638	48.17190552	0.95198351	0.022939724354387545	0.0187011	0.00034
-0.0077	-0.0662	0.2718	-0.005126032013107346	-0.0003874630939427412	-0.0006946410422937432	1.15551329	50.11745834	0.97321765	0.05043156204354725	0.0178713	0.00029
-0.008	-0.0584	0.2805	-0.005328490206338688	-0.0004921828490624009	-0.0006859143960337716	1.15977454	50.30228043	0.97383597	0.03259522973054872	0.0180155	0.00035
-0.0072	-0.0737	0.2662	-0.005237733085234983	-0.0006056292504420323	-0.0007120943348136865	1.2026397	52.16144562	0.98541553	0.04191917306316263	0.0175614	0.00023
-0.0107	-0.069	0.2858	-0.00529707427980279	-0.0006318091892219474	-0.000635299847725936	1.12347317	48.72779846	0.96132954	0.03591578102177364	0.0179446	0.00029
-0.012	-0.0739	0.2678	-0.005195845183187119	-0.0006265732014659643	-0.0006510078109938849	1.05735135	45.85993195	0.93409193	0.030308652381980144	0.0180916	0.00033
-0.0108	-0.0567	0.2872	-0.005356415474370597	-0.000645771823237902	-0.0006265732014659643	1.08395481	47.01379013	0.95933442	0.04801017612416684	0.0179869	0.00031
-0.0115	-0.0659	0.2776	-0.005323254218582705	-0.0006126105674500097	-0.0006824237375297829	1.17073214	50.77753448	0.98018532	0.02560865238198014	0.0180953	0.00032
-0.0083	-0.0571	0.2761	-0.005431464632206353	-0.0005480333851262194	-0.0006806784082777885	1.10943925	48.11911392	0.95741628	0.022226646259971616	0.0188483	0.00032
-0.0027	-0.0463	0.2885	-0.005370378108386551	-0.0005393067388662478	-0.0006387905062299246	1.11796355	48.48883057	0.96551583	0.03438505360638183	0.0180784	0.00036
0.0019	-0.0596	0.2743	-0.0054768431927582064	-0.0006579891280018621	-0.0007644542123735164	1.1898694	51.60756683	0.99478656	0.04964055898254306	0.0177751	0.00039
0.001	-0.047	0.2754	-0.0054436819369703135	-0.0006632251157578452	-0.0006544984694978735	1.19192612	51.69677353	0.9980601	0.022017649320975934	0.0178317	0.00037
0.0045	-0.0657	0.2664	-0.0054768431927582064	-0.0006003932626860494	-0.0006213372137099814	1.24202597	53.86972427	1.01062592	0.03765771823237898	0.0189951	0.00075
0.005	-0.0634	0.285	-0.005400048705670456	-0.0005305800926062762	-0.0005567600313861911	1.19541633	51.84815216	1.00615966	0.031959241974565636	0.0190762	0.00054
0.005	-0.0604	0.2948	-0.0054105206811824215	-0.0004188790204786391	-0.0004886921905584122	1.11867476	48.51968002	0.96962604	0.02231204442336908	0.0191512	0.00034
0.0095	-0.0711	0.3095	-0.005103342732831419	-0.0005672320068981572	-0.00047647488579445195	1.21258843	52.5929451	0.99251272	0.053287411976724014	0.0181865	0.00037
0.0085	-0.0642	0.3292	-0.005220279792715039	-0.0005899212871740833	-0.0005288347633542819	1.19273901	51.73202896	0.97747976	0.0371993108859688	0.0178617	0.00043
0.0163	-0.0819	0.2832	-0.005181882549171164	-0.0007644542123735164	-0.0006841690667817771	1.10966992	48.12911987	0.97323306	0.08991322360854016	0.0176945	0.00037
0.0234	-0.0609	0.3189	-0.005085889440311476	-0.0006387905062299246	-0.0005445427266222308	1.13393331	49.18148041	0.97564342	0.08186415775814129	0.0172922	0.00037
0.0281	-0.0748	0.3044	-0.00519235452468313	-0.0009704030641088471	-0.0006702064327658224	1.16859806	50.68497467	0.99078832	0.061287067419708414	0.0169154	0.00047
0.036	-0.0688	0.3137	-0.004745550236172582	-0.0007941248096574199	-0.0005689773361501514	1.19843447	51.97905731	1.00695041	0.059415581978882304	0.0172172	0.00045
0.0249	-0.0736	0.3176	-0.004649557127312894	-0.0008499753457212384	-0.0005846852994181004	1.21777964	52.81810379	0.98943326	0.028177580409572772	0.0178629	0.00035
0.0222	-0.0828	0.3158	-0.004368559117741807	-0.0010192722831646884	-0.0006126105674500097	1.23107839	53.39490128	0.98939113	0.03761101075232229	0.0173751	0.00038
0.0178	-0.0829	0.331	-0.0045308747381772796	-0.0010140362954087054	-0.0006335545184739417	1.19726467	51.92831802	0.99787647	0.02912477796076938	0.0161365	0.00026
0.0218	-0.0946	0.3031	-0.004305727264670011	-0.001085594794740473	-0.0006789330790257941	1.21588087	52.73574829	1.00320104	0.06070422666954445	0.0160444	0.00019
0.016	-0.0825	0.3282	-0.00451516677490933	-0.0012583823906879114	-0.0007452555906015787	1.12075531	48.60991669	0.95803823	0.06542748088812712	0.0163806	0.00023
0.0223	-0.0923	0.2832	-0.004310963252425994	-0.0012583823906879114	-0.0008988445647770796	1.18855762	51.55067062	0.9969304	0.07898962483294182	0.0164408	0.00018
0.0188	-0.0709	0.3349	-0.004584979944989103	-0.0012007865253720988	-0.000778416846389471	1.24869132	54.15881729	1.00097834	0.09920201381332643	0.0162181	0.00022
0.013	-0.088	0.3129	-0.004550073359949217	-0.0011606439525762293	-0.0008272860654453122	1.18826663	51.53805161	0.99180462	0.05109591884457978	0.0156947	0.00014
0.0134	-0.081	0.3199	-0.00447851486061745	-0.0012147491593880533	-0.0008482300164692441	1.2128396	52.60383987	0.98994715	0.021730382858376147	0.0156103	0.0001
0.0151	-0.0805	0.3381	-0.004532620067429273	-0.0013683381335635543	-0.0008255407361933179	1.1944741	51.80728531	0.9875261	0.03191917306316252	0.0155855	0.00013
0.0216	-0.0889	0.2805	-0.004461061568097506	-0.0013735741213195373	-0.0009075712110370514	1.2336086	53.5046463	1.00314342	0.08044124809657417	0.0158957	0.00012
0.0203	-0.0743	0.3344	-0.004577998627981126	-0.0013910274138394805	-0.0007679448708775049	1.20050168	52.06871414	0.99229391	0.08350083462815543	0.0157834	0.00013
0.0173	-0.0979	0.319	-0.00447851486061745	-0.0012793263417118436	-0.0008395033702092724	1.20013177	52.05267334	0.98257163	0.05613716694115399	0.0154371	0.00015
0.0193	-0.0823	0.3226	-0.0044645522266014955	-0.0013665928043115599	-0.0007557275661135446	1.26155865	54.71690369	0.9921572	0.03045024503556992	0.0158383	0.00016
0.0156	-0.1026	0.3288	-0.004436626958569585	-0.001410226035611418	-0.0007661995416255106	1.25141275	54.27685165	0.99969646	0.03430152374218673	0.016286	0.00021
0.0165	-0.0928	0.3375	-0.0043266712156939426	-0.001350884841043611	-0.0008098327729253688	1.20815861	52.40081406	0.99160055	0.03004650843716542	0.0166855	0.00018
0.0151	-0.1001	0.3535	-0.004513421445657336	-0.0013997540600994523	-0.0008150687606813518	1.18559885	51.42234421	0.97519064	0.036742771838760846	0.0169932	0.00042
0.021	-0.1019	0.3583	-0.004480260189869444	-0.00152367243699105	-0.000879645943005142	1.21162021	52.55095291	0.98506739	0.02358284075016403	0.0165198	0.00021
0.0179	-0.0973	0.3779	-0.004682718383100785	-0.0016039575825827887	-0.0009180431865490173	1.12768316	48.91039658	0.96071544	0.0433570291183478	0.0163237	0.0004
0.0213	-0.1051	0.3744	-0.004473278872861466	-0.0015254177662430443	-0.0008220500776893293	1.14807105	49.7946701	0.98000213	0.03389862177193758	0.0165094	0.00041
0.014	-0.0927	0.3719	-0.004609414554517024	-0.001520181778487061	-0.0008307767239493009	1.10449052	47.90447235	0.95710652	0.02970491578357565	0.0160878	0.0003
0.0198	-0.0973	0.3351	-0.004626867847036967	-0.0015638150097869194	-0.0008639379797371932	1.15334392	50.02336884	0.99802843	0.05191238898038467	0.0155587	0.00022
0.0174	-0.0994	0.3908	-0.006349507818755371	-0.0017732545200262388	-0.0010053096491487337	1.25115991	54.26588821	1.04060071	0.1638725575684631	0.0153821	0.00018
0.0196	-0.0875	0.3261	-0.007515387759087582	-0.0021275563581810873	-0.001553343034274953	1.24390376	53.95117188	1.07226822	0.18221075818066393	0.0169441	0.00028
0.0172	-0.094	0.3709	-0.006712536303170191	-0.0020664698343612863	-0.001239183768915974	1.19788647	51.95528793	1.02538981	0.11260486225480856	0.0150406	0.00016
0.0201	-0.1147	0.3624	-0.006668903071870333	-0.0021467549799530253	-0.0013683381335635543	1.1964128	51.89136887	0.98686663	0.04475363707695888	0.0143568	0.00016
0.0205	-0.1003	0.3819	-0.006424556976591126	-0.0020193459445574393	-0.001155407964820246	1.21713269	52.79004288	1.00241301	0.06353426497090506	0.0149353	0.00015
0.0194	-0.1065	0.3768	-0.00644201026911107	-0.002165953601724963	-0.001296779634231787	1.24556494	54.02322006	1.00545655	0.0276716309549504	0.0150691	0.00012
0.0248	-0.108	0.3594	-0.004750786223928565	-0.00210835773640915	-0.0010733774899765126	1.27758408	55.41196823	1.1148343	0.12291110273767963	0.0171783	0.00167
0.022	-0.0986	0.3744	-0.005087634769563471	-0.001843067690106012	-0.001075122819228507	1.22865951	53.28998947	1.10501637	0.057394196059501947	0.0153871	0.00045
0.0216	-0.1089	0.363	-0.005031784233499652	-0.0017749998492782332	-0.0010629055144645468	1.18177211	51.25636673	0.99171864	0.028906784082777914	0.0144581	0.0001
0.0165	-0.1183	0.3612	-0.004960225734167885	-0.0019058995431778078	-0.0010768681484805013	1.19009686	51.61743164	0.98674321	0.027121041362364783	0.0150668	0.00016
0.0237	-0.1101	0.32	-0.005052728184523583	-0.0020525072003453313	-0.001165879940332212	1.19513214	51.83582687	1.00491272	0.07300609496874662	0.0153605	0.00013
0.0244	-0.1056	0.3546	-0.00529707427980279	-0.0019861846887695473	-0.001054178868204575	1.2381897	53.70333481	1.00602992	0.06091848394913141	0.0154502	0.00026
0.0286	-0.1189	0.3075	-0.005380850083898519	-0.0019931660057775245	-0.0012095131716320703	1.22343564	53.06341934	1.0157788	0.07690457122656008	0.0150294	0.00026
0.027	-0.1163	0.3652	-0.005220279792715039	-0.0020594885173533086	-0.0010471975511965976	1.2367022	53.63882065	1.02120047	0.08136042115973685	0.0153121	0.00028
0.0292	-0.1222	0.3232	-0.005473352534254217	-0.0022706733568446224	-0.0012479104151759456	1.15623748	50.14886856	1.00942255	0.08334852225049204	0.0152713	0.00022
0.0287	-0.1187	0.3482	-0.005291838292046808	-0.0022549653935766737	-0.0011885692206081383	1.22309923	53.04882431	1.0104178	0.041828170002158285	0.015432	0.00027
0.0297	-0.1186	0.3694	-0.005295328950550796	-0.0022148228207808044	-0.0011536626355682519	1.20980346	52.47215652	0.99211897	0.02622699081698721	0.0157243	0.00038
0.0292	-0.1271	0.3739	-0.0050789081233034985	-0.0023771384412162766	-0.001158898623324235	1.23221362	53.44414139	0.99682471	0.03269862177193764	0.0153586	0.00047
0.0259	-0.1182	0.345	-0.00493055513688398	-0.0021746802479849347	-0.0011623892818282235	1.21794724	52.8253746	1.01230927	0.05881509190774246	0.0150387	0.00022
0.0464	-0.1167	0.2726	-0.0044645522266014955	-0.0017610372152622785	-0.0010262536001726657	1.25501382	54.43304062	1.05539531	0.14518908123303492	0.0157965	0.00018
0.0576	-0.1195	0.2787	-0.0043703044469938016	-0.001656317460142619	-0.000932005820564972	1.23011744	53.35322571	1.00068269	0.03476076571675235	0.0155749	0.00015
0.0667	-0.1284	0.2314	-0.004722860955896656	-0.001647590813882647	-0.001043706892692609	1.20353675	52.20035553	1.01414141	0.08894921136452316	0.0163942	0.00013
0.0593	-0.1306	0.3172	-0.004386012410261751	-0.0017366026057343581	-0.0008709192967451704	1.21470642	52.68481064	1.05158639	0.12533239667170273	0.0153174	0.00022
0.0676	-0.1293	0.2452	-0.004914847173616032	-0.001912880860185785	-0.0011239920382843482	1.23157835	53.41658783	1.04519066	0.12950928796724429	0.0154052	0.00021
0.0668	-0.1172	0.3123	-0.004790928796724435	-0.0020629791758572974	-0.0010105456369047167	1.22429121	53.1005249	1.0354906	0.09937315469713703	0.0147979	0.00017
0.0632	-0.1317	0.3178	-0.005190609195431136	-0.002281145332356589	-0.001218239817892042	1.24165332	53.85356522	0.99320093	0.06487703680966589	0.0148119	0.00012
0.0596	-0.1243	0.3363	-0.0049898963314517885	-0.0022479840765686964	-0.0011850785621041497	1.19836295	51.97595215	0.99166402	0.04285176877775661	0.0149708	0.00019
0.0552	-0.1277	0.3278	-0.004569271981721155	-0.002253220064324679	-0.0011013027580084218	1.19374311	51.77558136	1.0028886	0.041781807079117245	0.0151786	0.00015
0.0457	-0.1343	0.3811	-0.005626941508429718	-0.0020682151636132805	-0.0012269664641520136	1.19997084	52.04568863	1.04445945	0.13781690667817773	0.0150032	0.00018
0.0372	-0.1217	0.4761	-0.007339109504636156	-0.0021101030656611444	-0.0013055062804917586	1.18628883	51.45226669	1.04050574	0.20772978572970235	0.0154114	0.00014
0.0473	-0.1327	0.4072	-0.007370525431172054	-0.0025045474766118626	-0.00152367243699105	1.224177	53.09557343	1.02210407	0.1222013246992954	0.0148032	9e-05
0.0439	-0.1299	0.4623	-0.007347836150896126	-0.0024766222085799536	-0.0013945180723434693	1.24479592	53.98986435	1.0083175	0.07028844564777087	0.0150094	0.00011
0.043	-0.1415	0.3986	-0.007709119306058954	-0.0025586526834236872	-0.0016441001553786586	1.20376372	52.21019745	1.02108882	0.11084478565208752	0.0151395	9e-05
0.0395	-0.1379	0.475	-0.007621852843459237	-0.0024766222085799536	-0.0014852751934471744	1.22732949	53.23230362	1.02614679	0.09990609496874672	0.0151031	0.00016
0.0456	-0.1525	0.4167	-0.006611307206554521	-0.0024801128670839424	-0.0013910274138394805	1.18366289	51.33837509	1.00960591	0.1344142037508199	0.0147021	0.00019
0.0459	-0.1371	0.4096	-0.006352998477259359	-0.0023876104167282427	-0.001223475805648025	1.21663201	52.76832581	1.02179654	0.048718139392115854	0.0153078	0.0002
0.0489	-0.134	0.3857	-0.00644201026911107	-0.0024155356847601517	-0.0012897983172238095	1.21061075	52.50717163	1.00019503	0.03916297857297024	0.0147886	9e-05
0.0534	-0.1276	0.3578	-0.006447246256867054	-0.0026563911215353696	-0.0014608405839192536	1.22227311	53.01299667	1.00935944	0.05965668456133229	0.0146893	9e-05
0.0572	-0.1341	0.3811	-0.006398377037811212	-0.0026843163895672786	-0.0014538592669112763	1.22336352	53.06029129	1.00284343	0.037788790204786406	0.0142549	0.0001
0.0652	-0.1417	0.3463	-0.0065275314024587925	-0.0026110125609835172	-0.0015323990832510211	1.22040141	52.9318161	1.00536744	0.06444990047855433	0.0148702	0.00019
0.0604	-0.1301	0.4174	-0.0065833819385226105	-0.0025272367568877894	-0.0013596114873035826	1.22036493	52.930233	1.01203115	0.1031206968053492	0.014755	9e-05
0.0596	-0.149	0.4105	-0.006627015169822469	-0.0024207716725161347	-0.0013980087308474581	1.19689155	51.91213226	0.98408545	0.03602477796076944	0.0145503	9e-05
0.0598	-0.1433	0.4182	-0.00641757565958315	-0.0026197392072434887	-0.001424188669627373	1.23520231	53.5737648	0.98734849	0.03532934918732938	0.0140799	8e-05
0.0557	-0.1395	0.4422	-0.006316346562967479	-0.002764601535159018	-0.0013665928043115599	1.25275147	54.33491516	0.9932397	0.04708436449235066	0.0148565	0.00012
0.063	-0.1508	0.4279	-0.006077236455444256	-0.0027872908154349444	-0.001473057888683214	1.2334522	53.49785995	1.0037754	0.051313223608540126	0.0149451	0.00011
0.0569	-0.1407	0.4272	-0.00622035345410779	-0.002925171826342496	-0.0015323990832510211	1.21985304	52.90803146	0.99156053	0.033916960206944624	0.0146059	9e-05
0.0671	-0.1524	0.3726	-0.006185446869067903	-0.0029722957161463434	-0.0016912240451825054	1.22024143	52.92487717	0.99633331	0.08854277183876097	0.0144743	0.0001
0.0595	-0.1364	0.4241	-0.006115633698988131	-0.0030229102644541784	-0.001500983156715123	1.23722708	53.66158676	1.00085584	0.09063343034274947	0.0149931	0.00014
0.0604	-0.1515	0.4046	-0.0062343160881237454	-0.0032079151651655774	-0.0017575465567582897	1.26741993	54.97112274	0.9990826	0.06351253449450897	0.0147363	0.00014
0.0587	-0.1393	0.4203	-0.0062343160881237454	-0.003190461872645634	-0.0016859880574265225	1.22340083	53.06190872	0.99743748	0.0340505895925855	0.014302	0.0001
0.0575	-0.1483	0.4281	-0.006602580560294549	-0.003235840433197487	-0.001726130630222392	1.20455194	52.24438477	1.00103444	0.04068928027592624	0.0151803	0.00016
0.0628	-0.1463	0.3963	-0.006447246256867054	-0.003342305517569141	-0.0018046704465621369	1.2486459	54.15684891	1.03236012	0.056116960206944656	0.0155381	0.00014
0.0566	-0.139	0.4509	-0.00674395222970609	-0.003309144261781249	-0.001726130630222392	1.23170114	53.42191315	1.01302371	0.08852035224833368	0.0155704	0.00017
0.062	-0.1559	0.4323	-0.006590363255530588	-0.003223623128433527	-0.0017610372152622785	1.16514242	50.53509521	0.98358284	0.054600834628155535	0.0152462	0.00015
0.06	-0.139	0.4766	-0.006663667084114349	-0.003262020371977402	-0.0016929693744344998	1.17917788	51.14384842	0.98522524	0.07218844564777073	0.0150157	0.00013
0.0628	-0.1582	0.4359	-0.006647959120846402	-0.0031311206780778272	-0.0017435839227423352	1.17786658	51.0869751	0.98477847	0.07256111027376788	0.015077	0.00014
0.0635	-0.1409	0.4705	-0.006579891280018623	-0.0031014500807939236	-0.001572541656046891	1.17959583	51.16197586	0.98747675	0.06603903524035631	0.0157273	0.00023
0.0587	-0.1606	0.4631	-0.006709045644666203	-0.0033178709080412204	-0.001710422666954443	1.21806538	52.83049774	0.98971751	0.05607281014012137	0.0154344	0.00016
0.0514	-0.1458	0.4886	-0.006501351463678877	-0.003556981015564444	-0.0015777776438028737	1.20307255	52.18022156	0.99060752	0.07657246558310583	0.0155588	0.00014
0.0497	-0.1622	0.4693	-0.006606071218798537	-0.0035412730522964946	-0.0016109388995907662	1.2064265	52.32568741	0.99236917	0.04507944870877508	0.0158675	0.00013
0.0526	-0.1495	0.4783	-0.006359979794267337	-0.003733259270015871	-0.0015899949485668342	1.23281538	53.47023773	1.00648519	0.047551079663725446	0.0164785	0.00018
0.0537	-0.1621	0.4572	-0.006332054526235428	-0.003703588672731967	-0.0016039575825827887	1.22769606	53.24820328	1.0116904	0.038377924966588366	0.0160653	0.00015
0.0496	-0.1506	0.4894	-0.0071715578964447	-0.00365646478292812	-0.0017243853009703976	1.22603095	53.17598343	1.0131666	0.09815274892003642	0.016297	0.00015
0.0421	-0.1575	0.5364	-0.0077597338543667896	-0.003991567999311032	-0.0018081611050661253	1.19105268	51.65888596	1.0075822	0.11175274892003643	0.0175063	0.00021
0.047	-0.1617	0.4977	-0.007326892199872195	-0.0036041049053682902	-0.001673770752662562	1.21234393	52.58234406	1.00191998	0.09553475504204499	0.0166857	0.00013
0.0392	-0.1485	0.5368	-0.007372270760424048	-0.00364424747816416	-0.0016702800941585732	1.26714802	54.95933151	0.9903977	0.06455058959258565	0.0168069	0.00015
0.0446	-0.1652	0.4474	-0.007251843042036439	-0.0032515483964654355	-0.001801179788058148	1.22370124	53.07493591	1.02946679	0.1437013246992955	0.0155158	0.0001
0.0506	-0.153	0.4488	-0.00800582527889799	-0.0033859387488689996	-0.0019373154697137059	1.22088397	52.95274353	1.01647694	0.0708254135460336	0.0158405	0.00011
0.0676	-0.1637	0.3834	-0.008632398480363955	-0.003623303527140228	-0.002139773662945048	1.26209867	54.74032593	1.05155692	0.1464198086484268	0.0172415	0.00063
0.068	-0.1492	0.4126	-0.008840092661351278	-0.003637266161156183	-0.0021327923459370708	1.19536197	51.84579086	0.9916966	0.055531906600562814	0.017585	0.00038
0.0657	-0.1554	0.386	-0.00924675437706596	-0.00365646478292812	-0.0022968532956245376	1.18744266	51.50231552	1.01407421	0.06459606435870427	0.0190165	0.00107
0.0607	-0.1409	0.4351	-0.009136798634190315	-0.0037943457938356727	-0.0022462387473167022	1.22216964	53.00850677	1.02646815	0.08352256510455165	0.0177057	0.0003
0.0561	-0.1526	0.4551	-0.009084438756630484	-0.00404741853537485	-0.0023544491609403502	1.1978575	51.95402908	1.01094581	0.056982151636132815	0.0172878	0.00039
0.0604	-0.1542	0.4393	-0.008772024820523501	-0.004043927876870862	-0.0022113321622768156	1.20606828	52.31015396	1.00692148	0.04465107966372528	0.0172709	0.00028
0.0557	-0.1516	0.5011	-0.00882438469808333	-0.004066617157146788	-0.002124065699677099	1.25124204	54.26945114	1.01366176	0.07721578102177354	0.0174614	0.00017
0.0587	-0.1586	0.4744	-0.008822639368831335	-0.003984586682303054	-0.0022235494670407763	1.20547521	52.28443146	0.99605199	0.045862978572970246	0.0175964	0.00012
0.0563	-0.1508	0.5293	-0.008874999246391164	-0.004110250388446646	-0.0021991148575128553	1.21764112	52.81209564	1.00053574	0.07522290966156706	0.0173847	0.00016
0.0579	-0.1696	0.4865	-0.008780751466783471	-0.004063126498642799	-0.0022898719786165604	1.18658102	51.46493912	0.98970521	0.07480643952576223	0.0176352	0.00017
0.0582	-0.1606	0.539	-0.008648106443631903	-0.004171336912266447	-0.002118829711921116	1.21465063	52.68238831	1.0064207	0.08239488517353305	0.0183401	0.00023
0.058	-0.177	0.5385	-0.008604473212332044	-0.004218460802070294	-0.00214850030920502	1.23141456	53.40948486	0.98696724	0.023121385919380576	0.0184631	0.00019
0.0578	-0.1702	0.5572	-0.00857829327355213	-0.0041608649367544815	-0.00209614043164519	1.20066762	52.07591248	0.98986388	0.032506784082777906	0.018443	0.00019
0.0545	-0.1743	0.5729	-0.008742354223239596	-0.004073598474154764	-0.0021048670779051613	1.1656996	50.55926132	0.98071938	0.0361027029273577	0.018256	0.00019
0.0623	-0.1832	0.5208	-0.008573057285796147	-0.004213224814314312	-0.002176425577236929	1.20651209	52.32939911	0.99809488	0.08782408884673809	0.0183074	0.00016
0.06	-0.1683	0.5556	-0.008560839981032187	-0.0041556289489984985	-0.002078687139125246	1.17809486	51.09687424	1.00091368	0.06037758040957279	0.0187097	0.00023
0.0698	-0.1824	0.5208	-0.008435176274888594	-0.004187044875534397	-0.0021537362969610025	1.23148775	53.41265488	0.99279212	0.07030643952576233	0.0181714	0.00015
0.0677	-0.1627	0.5734	-0.008471828189180476	-0.004206243497306334	-0.0021258110289290935	1.19650137	51.89521408	0.98900176	0.07858879020478642	0.0189015	0.00025
0.0694	-0.1832	0.5446	-0.008484045493944435	-0.004207988826558329	-0.002178170906488923	1.17585897	50.99990082	0.98170722	0.0543161255787892	0.0178459	0.00021
0.0681	-0.1659	0.5665	-0.008442157591896572	-0.004118977034706617	-0.00209614043164519	1.19721425	51.9261322	0.98792563	0.05114650843716544	0.0187604	0.00017
0.0722	-0.1782	0.5519	-0.00847706417693646	-0.004246386070102203	-0.0021205750411731105	1.24176157	53.85825729	0.99899379	0.04033751149816977	0.0187743	0.0002
0.0732	-0.1697	0.5708	-0.008412486994612669	-0.004078834461910747	-0.002103121748653167	1.21804857	52.82976913	0.99685573	0.04087910415175954	0.0189904	0.00019
0.0724	-0.1718	0.5488	-0.008511970761976346	-0.003864158963915446	-0.0020682151636132805	1.17201889	50.83334351	0.98878874	0.04235329251994328	0.0182844	0.00023
0.0788	-0.1708	0.5207	-0.00842470429937663	-0.003530801076784529	-0.0019774580425095754	1.18357754	51.33467102	0.99395181	0.06106907354171682	0.0174903	0.00022
0.0746	-0.1694	0.5462	-0.008587019919812101	-0.0037768925013157294	-0.00200363798128949	1.19384432	51.77996826	0.99944369	0.05282934918732932	0.0182174	0.00019
0.0813	-0.1767	0.5033	-0.008208283472129332	-0.0037402405870238476	-0.00200363798128949	1.23309183	53.48223114	1.00245006	0.07766941809873255	0.0170829	0.00014
0.0786	-0.1652	0.5342	-0.008571311956544151	-0.0038187804033635933	-0.002057743188101315	1.17179191	50.82350159	0.97850931	0.06988367537831948	0.0182868	0.0002
0.084	-0.1791	0.4782	-0.008353145800044861	-0.0036128315516282617	-0.0020472712125893483	1.16565835	50.55747223	0.99636632	0.09702934918732938	0.0175752	0.00016
0.0806	-0.1612	0.5367	-0.008429940287132611	-0.003652974124424132	-0.001970476725501598	1.16068685	50.34185028	0.99016719	0.08948657734856846	0.0176682	0.00018
0.0857	-0.1746	0.4733	-0.008484045493944435	-0.0037088246604879502	-0.002169444260228951	1.19333506	51.75788116	1.00922172	0.0973461638801497	0.0172534	0.00018
0.0818	-0.1641	0.5343	-0.008382816397328765	-0.0036634460999360975	-0.0019687313962496035	1.21469867	52.68447495	1.01553681	0.09276602605734352	0.0177621	0.00019
0.0851	-0.1872	0.5102	-0.008396779031344719	-0.003605850234620285	-0.0019582594207376374	1.24174857	53.85769272	0.989386	0.05460152374218663	0.01763	0.00018
0.0821	-0.1702	0.5542	-0.008374089751068793	-0.003558726344816438	-0.001858775653373961	1.17029107	50.75840378	0.9807087	0.07246484687217246	0.0182501	0.00014
0.088	-0.1828	0.4995	-0.0084334309456366	-0.003492403833240653	-0.0019425514574696887	1.18757403	51.50801086	1.00098204	0.083671975511966	0.0172726	0.0002
0.0814	-0.1757	0.5432	-0.008360127117052838	-0.0036163222101322505	-0.0019792033717615696	1.19735479	51.93222427	0.99438301	0.06909370598836205	0.0177578	0.00013
0.0875	-0.1805	0.4983	-0.008339183166028906	-0.003703588672731967	-0.0019617500792416262	1.17690694	51.04535294	0.99736075	0.0620831853071796	0.01727	0.00015
0.0837	-0.164	0.5392	-0.008382816397328765	-0.0036547194536761256	-0.0019896753472735357	1.23832858	53.70935822	1.00708078	0.06722138591938047	0.0177918	0.00014
0.0844	-0.1795	0.5063	-0.008489281481700419	-0.0036634460999360975	-0.002045525883337354	1.20468366	52.25009918	1.00196132	0.05765211333477224	0.0174786	9e-05
0.0869	-0.1686	0.5083	-0.00828856861772107	-0.00365646478292812	-0.0019826940302655584	1.23476684	53.55487823	1.0035462	0.028926301702956098	0.0172027	0.00017
0.0845	-0.1756	0.5017	-0.008250171374177195	-0.0036302848441482054	-0.001965240737745615	1.18495297	51.39432907	1.00472693	0.020101523742186583	0.0175393	0.00023
0.0887	-0.1797	0.4758	-0.007960446718346137	-0.0034365532971768345	-0.0019355701404617114	1.24510121	54.00310898	1.01343087	0.05985634000431664	0.0172176	0.00012
0.0811	-0.1694	0.5352	-0.008091346412245713	-0.003530801076784529	-0.0018727382873899156	1.23896563	53.73699188	1.00700667	0.09169896632895327	0.0180168	0.00022
0.0914	-0.1838	0.4947	-0.007754497866610805	-0.0036425021489121657	-0.0019442967867216831	1.21150196	52.54582214	0.99496989	0.09120540585471562	0.0170745	0.00011
0.0887	-0.1735	0.5333	-0.007951720072086166	-0.0034400439556808234	-0.0017941984710501708	1.2125113	52.58960342	0.99514279	0.07908893571891082	0.0173554	0.00016
0.096	-0.1838	0.4842	-0.00788888821901437	-0.003543018381548489	-0.001790707812546182	1.18382037	51.3452034	0.99622975	0.07516484687217251	0.0169922	0.00011
0.0967	-0.1708	0.517	-0.007859217621730466	-0.0036512287951721376	-0.001785471824790199	1.23148978	53.41274261	1.00103255	0.05365584993317672	0.0176886	0.00015
0.099	-0.1729	0.498	-0.007696902001294993	-0.003556981015564444	-0.0017418385934903407	1.21732032	52.79817963	0.98959588	0.03840983156715124	0.0170596	0.00012
0.1004	-0.1794	0.515	-0.007215191127744558	-0.003412118687648914	-0.0016667894356545846	1.23397636	53.52059555	0.99724797	0.05998111796508609	0.0166383	0.00026
0.0973	-0.1835	0.5119	-0.007442083930503821	-0.003506366467256608	-0.0016336281798666925	1.17611194	51.01087189	0.97995225	0.028015091907742436	0.0170596	0.00011
0.1022	-0.1871	0.4838	-0.007202973822980598	-0.003309144261781249	-0.0016772614111665507	1.22562695	53.15845871	0.99327333	0.060598277214922	0.0164433	0.00012
0.0944	-0.1808	0.5076	-0.007351326809400116	-0.0033283428835531865	-0.0016493361431346415	1.20939517	52.4544487	0.98653171	0.047673843811168286	0.0171835	0.00015
0.1028	-0.1847	0.4866	-0.007213445798492564	-0.0031922072018976287	-0.0016528268016386303	1.22802019	53.26226044	0.99314028	0.04717536755335503	0.0161782	9e-05
0.0956	-0.1833	0.498	-0.007358308126408092	-0.0033143802495372316	-0.0016632987771505957	1.21549964	52.71921158	0.99027321	0.033875367553354845	0.0172465	0.0001
0.1053	-0.1889	0.4563	-0.0070808007753409945	-0.0030752701420140084	-0.001562069680534925	1.21361578	52.63750458	0.99115047	0.08789232776029962	0.0164592	0.00017
0.0955	-0.1794	0.4735	-0.0065327673902147755	-0.002844886680750757	-0.0015079644737231008	1.20994437	52.47826767	0.9901002	0.07812610266006471	0.0170795	0.00031
0.1054	-0.1819	0.3994	-0.006192428186075881	-0.0027523842303950577	-0.0014940018397071458	1.20451415	52.24274445	1.01938414	0.10884021442552742	0.0159568	0.00011
0.104	-0.1719	0.4287	-0.006161012259539982	-0.0028605946440187057	-0.001450368608407288	1.1830138	51.31022263	0.98448904	0.04986297857297031	0.015489	0.00018
0.1082	-0.1894	0.4005	-0.006279694648675598	-0.002823942729726825	-0.0015341444125030156	1.16796136	50.65736008	0.98909895	0.06185550537616125	0.0148184	7e-05
0.1093	-0.1826	0.3961	-0.006005677956112489	-0.0027995081201989047	-0.001429424657383356	1.19459581	51.81256485	0.995683	0.032458552860534465	0.0154948	0.00011
0.1054	-0.1859	0.4064	-0.006117379028240125	-0.002829178717482808	-0.001424188669627373	1.14547038	49.68186951	0.98312299	0.024830382858376084	0.0154759	0.00019
0.1117	-0.197	0.3809	-0.005867796945204936	-0.002750638901143063	-0.0014014993893514465	1.15507448	50.09842682	0.98283478	0.06044055898254297	0.0155508	0.00011
0.104	-0.1822	0.4215	-0.006134832320760068	-0.0028012534494508993	-0.0014119713648634124	1.13826525	49.36936569	0.97665874	0.0795060949687467	0.0155374	0.00018
0.1056	-0.1899	0.408	-0.006803293424273897	-0.0024277529895241124	-0.0014381513036433276	1.17949367	51.15754318	0.99985344	0.07620707511102658	0.0156747	0.00015
0.1005	-0.1788	0.4697	-0.0070354222147891434	-0.0027244589623631483	-0.0014922565104551516	1.18271852	51.29741669	0.99828314	0.10704699850830537	0.0162592	0.00011
0.1079	-0.1879	0.3747	-0.0070808007753409945	-0.002441715623540067	-0.0014940018397071458	1.20362246	52.20407104	1.03859282	0.12799336143134635	0.0151155	9e-05
0.1017	-0.1821	0.4323	-0.00701447826376521	-0.002518510110627818	-0.0014259339988793671	1.16470897	50.51629639	1.00106414	0.08015924197456573	0.0160419	0.00014
0.1068	-0.1936	0.4053	-0.007049384848805097	-0.0026022859147235454	-0.001500983156715123	1.06587863	46.2297821	0.96683215	0.05328657734856852	0.0161276	0.0002
0.1108	-0.1824	0.4291	-0.006815510729037857	-0.0027523842303950577	-0.0014329153158873448	1.13971722	49.43234253	0.9970565	0.06160201381332648	0.0155745	0.00013
0.1077	-0.1867	0.4217	-0.007021459580773188	-0.002642428487519415	-0.0015027284859671175	1.22011435	52.91936493	0.9969441	0.03408588823453726	0.0156851	9e-05
0.1141	-0.1819	0.3705	-0.007192501847468633	-0.0024870941840919192	-0.0015027284859671175	1.21439993	52.67151642	1.02096666	0.07871882850614707	0.015726	0.0002
0.1065	-0.1773	0.4513	-0.00705462083656108	-0.0026529004630313807	-0.0014311699866353504	1.21499109	52.69715881	1.03352085	0.11176228945893904	0.0155428	9e-05
0.1111	-0.1962	0.4118	-0.006653195108602383	-0.0024312436480281013	-0.0013281955607676848	1.2105428	52.50422287	0.9951688	0.0993028484414821	0.0150894	9e-05
0.1077	-0.194	0.4417	-0.006660176425610361	-0.002590068609959585	-0.001322959573011702	1.24204946	53.8707428	0.99910147	0.04405211333477221	0.0160101	0.00012
0.1137	-0.1897	0.4022	-0.006705554986162213	-0.002637192499763432	-0.001424188669627373	1.23908293	53.74208069	1.00633723	0.059486577348568506	0.0159453	0.00014
0.1049	-0.1809	0.4545	-0.00705462083656108	-0.0026668630970473357	-0.0014940018397071458	1.20100105	52.09037399	0.99129155	0.09232748088812719	0.0160049	0.00016
0.113	-0.1859	0.3783	-0.007424630637983878	-0.002590068609959585	-0.0016702800941585732	1.20341516	52.1950798	1.02542242	0.1204541271480988	0.016073	0.00018
0.1102	-0.1807	0.3971	-0.0074228853087318835	-0.002535963403147761	-0.0016109388995907662	1.13754237	49.33801651	0.96903823	0.03255958653158128	0.0162104	0.00019
0.1167	-0.1811	0.3374	-0.0076497781114911465	-0.00249931148885588	-0.0016458454846306526	1.15772688	50.21346664	1.01652065	0.08152256510455155	0.0168907	0.00022
0.1142	-0.1783	0.3962	-0.007361798784912082	-0.0025603980126756814	-0.0015760323145508795	1.23774183	53.68391037	1.02182505	0.085043951023932	0.0160008	0.00018
0.116	-0.1837	0.3763	-0.007379252077432025	-0.002457423586808016	-0.0016109388995907662	1.22099924	52.9577446	1.00294757	0.03486671517137479	0.0161461	0.00016
0.1182	-0.1863	0.4127	-0.007222172444752536	-0.0026162485487395003	-0.0015603243512829306	1.20477319	52.25398254	1.00557716	0.059525957145940445	0.0154992	0.00013
0.1183	-0.1935	0.3874	-0.007161085920932734	-0.0025726153174396417	-0.001499237827463129	1.19009161	51.61720276	1.00855684	0.0408903139469731	0.0158652	0.00017
0.1143	-0.1788	0.4128	-0.006569419304506657	-0.0024452062820440558	-0.0013683381335635543	1.23886621	53.73268127	1.01263647	0.0865987672860619	0.0155196	6e-05
0.1155	-0.2113	0.4044	-0.006607816548050532	-0.0023527038316883565	-0.0012723450247038664	1.20733249	52.3649826	0.97662233	0.053444640137963136	0.0157413	0.00011
0.1142	-0.1955	0.4547	-0.006490879488166912	-0.0025237460983838006	-0.0012269664641520136	1.14640582	49.72244644	0.97485547	0.08406789435654582	0.0161825	0.00013
0.1142	-0.1999	0.4152	-0.006658431096358368	-0.0023457225146803788	-0.001282817000215832	1.16352737	50.46504593	0.99124437	0.06397128639793477	0.0155187	0.00014
0.1114	-0.1843	0.4242	-0.006647959120846402	-0.002373647782712288	-0.001239183768915974	1.18359363	51.33536911	0.98253364	0.03150152374218669	0.0151609	0.0001
0.1138	-0.1935	0.4279	-0.00665144977935039	-0.0024277529895241124	-0.0012636183784438947	1.22598398	53.17394257	0.99429276	0.019401523742186663	0.0157468	0.00015
0.1181	-0.1883	0.444	-0.006653195108602383	-0.0026162485487395003	-0.0013194689145077131	1.19346452	51.7634964	0.99896581	0.03790457122655997	0.015551	0.00011
0.1166	-0.1925	0.4532	-0.006829473363053811	-0.002775073510670984	-0.0013840460968315032	1.17290008	50.87156677	0.98593701	0.03488401993533509	0.0157996	0.0001
0.1222	-0.2037	0.4324	-0.00662352451131848	-0.002686061718819273	-0.0014154620233674013	1.20631385	52.32080078	0.98816362	0.05391882850614697	0.0155606	0.0001
0.116	-0.2008	0.4464	-0.006838200009313782	-0.002673844414055313	-0.0013596114873035826	1.15877318	50.25884628	0.9864381	0.037237166941154046	0.0161127	0.00013
0.1216	-0.2059	0.4291	-0.006609561877302526	-0.0027366762671271086	-0.0013788101090755204	1.19678807	51.90764618	0.99023166	0.043533430342749535	0.0159306	0.00011
0.116	-0.1913	0.4711	-0.006921975813409511	-0.002841396022246768	-0.0014451326206513049	1.21541953	52.71573639	0.97804839	0.08637281014012152	0.0164134	0.00014
0.1169	-0.2086	0.4384	-0.006571164633758651	-0.002686061718819273	-0.001446877949903299	1.17925274	51.14709473	0.97891403	0.07629454061651748	0.015653	0.00011
0.1113	-0.1917	0.4799	-0.006695083010650248	-0.0026546457922833754	-0.0013857914260834976	1.16208863	50.40264511	0.97692252	0.07482104136236481	0.0161192	0.00012
0.1145	-0.2127	0.4414	-0.006408849013323179	-0.00266860842629933	-0.0013718287920675431	1.16723657	50.62592316	0.97685638	0.07840796326794891	0.0158841	0.00015
0.1133	-0.1946	0.4509	-0.006513568768442837	-0.00266860842629933	-0.0013543754995475996	1.189821	51.60546875	0.98168915	0.03490865238198011	0.0163846	0.00016
0.1146	-0.205	0.4301	-0.00676838683923401	-0.002583087292951608	-0.0013543754995475996	1.23865092	53.72333908	0.99686951	0.049516960206944766	0.0156935	0.0001
0.1145	-0.1925	0.4637	-0.006501351463678877	-0.002637192499763432	-0.0013334315485236678	1.19526005	51.84137344	0.98973585	0.06330422666954443	0.0160499	0.00017
0.1129	-0.207	0.4485	-0.006620033852814493	-0.0025883232807075904	-0.001387536755335492	1.16565645	50.55739212	0.97587298	0.04238284075016404	0.0155159	0.00011
0.1147	-0.2042	0.4418	-0.006447246256867054	-0.002583087292951608	-0.0013788101090755204	1.18675852	51.47264099	0.96883533	0.020637511498169624	0.0161443	0.00018
0.1157	-0.1971	0.4554	-0.006654940437854378	-0.002722713633111154	-0.0013386675362796509	1.15543318	50.11398315	0.97519482	0.04107315469713697	0.016279	0.0001
0.1202	-0.2018	0.4227	-0.007185520530460655	-0.0025394540616517493	-0.0016231562043547262	1.22852695	53.28424072	1.00954011	0.09181641660703792	0.0162487	0.00016
0.1172	-0.188	0.4558	-0.0068329640215578	-0.002565634000431664	-0.001429424657383356	1.19765329	51.94517517	0.99218761	0.07852339973270697	0.0157287	0.0001
0.1241	-0.2083	0.4406	-0.006709045644666203	-0.002570869988187647	-0.0015166911199830724	1.1879046	51.52235031	0.97521063	0.053221041362364864	0.0154213	8e-05
0.1169	-0.1894	0.4567	-0.006658431096358368	-0.0026145032194875057	-0.0013718287920675431	1.18458927	51.3785553	0.97677969	0.05415550537616114	0.0164227	0.00014
0.1214	-0.2102	0.4337	-0.006436774281355088	-0.0025551620249196984	-0.0014835298641951804	1.2230823	53.04809189	0.98491775	0.06793495408493622	0.0161918	9e-05
0.1175	-0.1934	0.4757	-0.006513568768442837	-0.0027157323161031764	-0.0013962634015954637	1.20007968	52.05041122	0.98059279	0.07893156204354723	0.0165117	0.00018
0.1229	-0.2194	0.4606	-0.006323327879975456	-0.002802998778702893	-0.001452113937659282	1.15499938	50.09516907	0.97389541	0.06316789435654581	0.0163228	0.00017
0.1144	-0.1921	0.4897	-0.006496115475922893	-0.0026720990848033187	-0.0013439035240356337	1.12884355	48.96072388	0.96231135	0.08549488517353301	0.0169508	0.00013
0.1187	-0.2175	0.4491	-0.006241297405131722	-0.0025062928058638572	-0.0013177235852557187	1.15208519	49.96877289	0.96931627	0.09264021442552739	0.0159422	0.00012
0.1154	-0.1918	0.4771	-0.006485643500410928	-0.002645919146023404	-0.0013002702927357754	1.11972022	48.56502533	0.96095845	0.07707128639793481	0.0167375	0.00017
0.1229	-0.2172	0.4515	-0.006157521601035994	-0.002708750999095199	-0.001324704902263696	1.19594896	51.87125397	0.98439267	0.07926941809873247	0.0164081	0.00016
0.1186	-0.1913	0.4727	-0.006304129258203518	-0.002665117767795341	-0.0013142329267517303	1.17702484	51.05046844	0.98129261	0.06143564319896736	0.0165465	0.00018
0.1219	-0.212	0.4522	-0.006122615015996109	-0.0027401669256310974	-0.0013648474750595659	1.17840886	51.11049652	0.97955495	0.05985889741755007	0.0161107	9e-05
0.1195	-0.2065	0.473	-0.005892231554732856	-0.002698279023583233	-0.0012845623294678264	1.19661868	51.90029907	0.97701126	0.046327825445142794	0.0164326	0.0001
0.1359	-0.2132	0.3631	-0.004857251308300219	-0.0026354471705114374	-0.0013002702927357754	1.2427361	53.90052795	1.053585	0.18867600313861912	0.0164542	0.00029
0.1331	-0.1991	0.3844	-0.004330161874197931	-0.002813470754214859	-0.001059414855960558	1.2146821	52.68375397	1.01343624	0.08549842272904638	0.0165439	0.00013
0.1398	-0.2299	0.3824	-0.004487241506877421	-0.002935643801854462	-0.0011780972450961724	1.20240903	52.15143967	0.98676673	0.0593967534727354	0.0167722	0.00017
0.1337	-0.2049	0.4196	-0.00445058959258554	-0.0028396506929947744	-0.0010733774899765126	1.20758355	52.37587357	0.98425315	0.0801682389135614	0.0166519	0.0002
0.1358	-0.2269	0.4268	-0.005220279792715039	-0.002960078411382383	-0.001387536755335492	1.18921494	51.57918167	0.99616226	0.09151385919380435	0.0168179	0.00022
0.1244	-0.2047	0.509	-0.007559020990387442	-0.0033196162372932147	-0.0018884462506578647	1.21937525	52.88731003	1.05136218	0.27575942594528036	0.018178	0.00021
0.1315	-0.1992	0.4288	-0.008133234314293575	-0.003307398932529255	-0.0022043508452688383	1.21712983	52.78991699	1.03805231	0.13791676116405335	0.0182012	0.00016
0.1272	-0.1904	0.4731	-0.007700392659798981	-0.003139847324337799	-0.0019250981649497454	1.18138325	51.23950195	1.00060359	0.10138229715025708	0.0174585	0.00012
0.1369	-0.1984	0.4164	-0.0071471232869167785	-0.0028815385950426383	-0.0018325957145940458	1.19953525	52.02679825	0.99847465	0.11960402762665316	0.0162937	0.00015
0.1349	-0.2011	0.4228	-0.006398377037811212	-0.002925171826342496	-0.0016720254234105676	1.21016157	52.48768616	0.99908124	0.05874748857944516	0.0165963	0.00015
0.1468	-0.2153	0.4091	-0.006190682856823887	-0.0031433379828417875	-0.001656317460142619	1.204512	52.24265289	0.99552144	0.06187841503772824	0.0166496	0.00013
0.1384	-0.2077	0.4448	-0.006065019150680294	-0.003139847324337799	-0.001572541656046891	1.2505101	54.23770523	0.99537406	0.06234650843716544	0.016875	9e-05
0.1487	-0.2191	0.4172	-0.005881759579220891	-0.0032794736644973454	-0.0016929693744344998	1.17453837	50.94262314	0.98661795	0.07146568150032785	0.0170714	0.00015
0.1422	-0.2017	0.4524	-0.00597775268808058	-0.0032480577379614467	-0.0016126842288427606	1.15906143	50.27135086	0.97137729	0.06948470904936634	0.0171757	0.00016
0.1517	-0.2191	0.4232	-0.0057648225193372695	-0.0035412730522964946	-0.0017662732030182616	1.15932381	50.2827301	0.97163381	0.08908672286269297	0.016892	0.00013
0.1487	-0.2047	0.4512	-0.005728170605045389	-0.003543018381548489	-0.0016545721308906245	1.15871751	50.25643158	0.97880753	0.052904915783575576	0.0179328	0.00022
0.1498	-0.218	0.4334	-0.005513495107050087	-0.003577924966588375	-0.0017034413499464657	1.21366346	52.63957596	0.98360135	0.04712256510455144	0.0178288	0.00016
0.1432	-0.2022	0.4522	-0.005621705520673735	-0.003438298626428829	-0.0016859880574265225	1.14983761	49.87129211	0.97833936	0.05446450231515686	0.0176021	0.00016
0.1425	-0.2133	0.4494	-0.0055204764240580646	-0.003455751918948773	-0.0016458454846306526	1.17881382	51.12805939	0.97654803	0.0225412480965742	0.0174489	0.00016
0.1563	-0.2072	0.3381	-0.0030229102644541784	-0.0031293753488258326	-0.0015585790220309364	1.36673212	59.27853775	1.22464759	0.2767604596163272	0.0222845	0.00684
0.1807	-0.1943	0.1922	-0.001350884841043611	-0.002234021442552742	-0.0014852751934471744	1.41882157	61.53778458	1.32627363	0.315234157913371	0.0218571	0.00393
0.1636	-0.1939	0.2548	-0.002012364627549462	-0.0023125612588924867	-0.001473057888683214	1.30421484	56.56700897	1.05498308	0.11771184538047784	0.019114	0.0009
0.1704	-0.2257	0.2518	-0.001637118838370681	-0.002380629099720265	-0.0014800392056911916	1.21789169	52.82296371	0.98940165	0.06411474735072686	0.0197268	0.00138
0.1604	-0.2127	0.2645	-0.0017819811662862105	-0.0022602013813326567	-0.0013788101090755204	1.15294242	50.00595093	0.96274002	0.05402595714594046	0.0196876	0.00122
0.168	-0.2382	0.2519	-0.0014067353771074296	-0.002234021442552742	-0.001265363707695889	1.16844738	50.67844009	0.98492055	0.07144360646691637	0.0202264	0.00205
0.157	-0.2375	0.2941	-0.001965240737745615	-0.0022479840765686964	-0.001356120828799594	1.1852355	51.40658569	0.99114014	0.08706125578789223	0.0194458	0.00165
0.1463	-0.2471	0.3749	-0.004900884539600078	-0.0029618237406343773	-0.0019250981649497454	1.21851456	52.8499794	1.0806334	0.3120230401035148	0.0181133	0.00042
0.1787	-0.1877	0.185	0.0002705260340591211	-0.002282890661608583	-0.0009704030641088471	1.5137651	65.65572357	1.50727418	0.6219519376762945	0.0279975	0.01687
0.1972	-0.1819	0.0674	0.0003385938748868999	-0.0021886428820008896	-0.0010978120995044332	1.39363253	60.44527435	1.32061228	0.1563862327915529	0.0270594	0.01065
0.1831	-0.1987	0.1557	-0.0008325220532012951	-0.0022846359908605773	-0.001335176877775662	1.13625503	49.28218079	1.04026353	0.19442369076095556	0.0222908	0.004
0.1871	-0.207	0.1413	-0.0011152653920243766	-0.0022794000031045943	-0.0013788101090755204	1.19426119	51.79804993	1.02650403	0.04328062789394612	0.0212588	0.00374
0.1811	-0.2073	0.1671	-0.0014416419621473165	-0.00243473430653209	-0.001450368608407288	1.19465852	51.81528091	1.01766895	0.059763468644110154	0.0205457	0.00236
0.1881	-0.2163	0.1352	-0.001541125729510993	-0.002410299697004169	-0.0014486232791552935	1.20643759	52.32616806	1.00274762	0.05418318530717957	0.0210439	0.00321
0.1806	-0.2154	0.1797	-0.0015446163880149814	-0.0025638886711796703	-0.0015463617172669759	1.09905362	47.66866302	0.97898866	0.06564090353955856	0.0207875	0.00215
0.1922	-0.2143	0.1496	-0.0018500490071139892	-0.0031171580440618727	-0.0018360863730980347	1.2032671	52.18865585	1.01373269	0.10022133239061344	0.0213463	0.00327
0.1834	-0.2117	0.2047	-0.0020664698343612863	-0.0032794736644973454	-0.0019303341527057286	1.20884883	52.4307518	1.00027215	0.09014921136452317	0.0199465	0.00188
0.1893	-0.2152	0.1621	-0.0020210912738094335	-0.003225368457685521	-0.0019896753472735357	1.17595053	51.00387192	0.98749676	0.05994124809657418	0.0206599	0.00288
0.1792	-0.2083	0.2048	-0.0019792033717615696	-0.003078760800517997	-0.0018465583486100008	1.15815854	50.23218918	0.98925964	0.07628062789394614	0.0205855	0.00177
0.1835	-0.209	0.1502	-0.002145009650701031	-0.002823942729726825	-0.001820378409830086	1.22476244	53.12096405	1.0160547	0.0819402144255274	0.0205075	0.0023
0.1787	-0.1965	0.1781	-0.00210835773640915	-0.002892010570554604	-0.0018325957145940458	1.15948188	50.28958511	0.98458297	0.05104685299418098	0.0204403	0.00184
0.1833	-0.2066	0.1668	-0.002178170906488923	-0.0029408797896104456	-0.0018814649336498872	1.20876324	52.4270401	0.9945246	0.03437758040957279	0.020457	0.00233
0.1852	-0.2083	0.1722	-0.0023771384412162766	-0.0029827676916583086	-0.0019268434942017398	1.19806039	51.96282959	0.97721028	0.023311699866353463	0.0205486	0.00227
0.1768	-0.2038	0.2042	-0.0028431413514987624	-0.002930407814098479	-0.001960004749989632	1.09763074	47.60694885	0.97485565	0.07247620218151038	0.019359	0.00124
0.1826	-0.2065	0.1646	-0.0027052603405912107	-0.0027977627909469105	-0.0018744836166419098	1.08966744	47.26155853	0.96437037	0.0659023583703421	0.0204104	0.00205
0.1769	-0.2035	0.1816	-0.002490584842595908	-0.002939134460358451	-0.0019390607989657003	1.14376771	49.60802078	0.98634033	0.0467312174865317	0.0200506	0.00146
